program,arm,exact_l1_yield,valid_fraction,component_novelty_fraction,diversity
bl_2023_repeated_aza_michael,bl_core_constrained_repeat_aware,0.7746310763888888,0.7746310763888888,0.9924182754272358,0.5210558445650947
lx_2024_repeated_reductive_amination,bl_core_constrained_repeat_aware,0.3127170138888889,0.3650173611111111,1.0,0.6238827874590117
ugi_3cr_agile,bl_core_constrained_repeat_aware,0.7867838541666666,0.8659939236111112,0.9617300157367764,0.6213578621048778
bl_2023_repeated_aza_michael,shared_three_program_null,0.039713541666666664,0.16536458333333334,0.9973958333333334,0.6348261884639025
lx_2024_repeated_reductive_amination,shared_three_program_null,0.13172743055555555,0.15397135416666666,1.0,0.615480312059414
ugi_3cr_agile,shared_three_program_null,0.11436631944444446,0.19466145833333334,0.9991341991341991,0.753699735031776
bl_2023_repeated_aza_michael,shared_three_program_program_id_cyclic,0.03797743055555555,0.2569444444444444,0.9834869148066532,0.38839087214124807
lx_2024_repeated_reductive_amination,shared_three_program_program_id_cyclic,0.1812065972222222,0.21365017361111113,1.0,0.5701057812787357
ugi_3cr_agile,shared_three_program_program_id_cyclic,0.4024522569444444,0.43435329861111116,0.9008732188093981,0.5621071808038017
ugi_3cr_agile,ugi_only_conditioned,0.25423177083333337,0.2801649305555556,0.9241413699518075,0.5971462014004941
