code,product_smiles,molecular_weight,amine_head_smiles,amine_head_action,amine_head_suppliers,aldehyde_tail_smiles,aldehyde_tail_action,aldehyde_tail_starting_materials,isocyanide_tail_smiles,isocyanide_tail_action,isocyanide_tail_starting_materials,components_to_prepare,steps_before_final_ugi,candidates_sharing_aldehyde_tail,candidates_sharing_isocyanide_tail,selected,preference_rank,reason
L01,CCCCCCCC=CCCCCCCCCNC(=O)C(CCCCCOC(=O)CCCCCCCCCC)NCCCN(CCCC)CCCC,734.25,CCCCN(CCCC)CCCN,purchase,62,CCCCCCCCCCC(=O)OCCCCCC=O,synthesise,"CCCCCCCCCCC(=O)O (carboxylic acid); OCCCCCCO (alpha,omega-diol)",[C-]#[N+]CCCCCCCCC=CCCCCCCC,synthesise,CCCCCCCC=CCCCCCCCCN (primary amine),2,4,2,9,,,
L02,C#CCCCCCCCCC(=O)OCCCCCC(NCCN1CCCCC1)C(=O)NCCCCCCCCC=CCCCCCCC,672.10,NCCN1CCCCC1,purchase,75,C#CCCCCCCCCC(=O)OCCCCCC=O,synthesise,"C#CCCCCCCCCC(=O)O (carboxylic acid); OCCCCCCO (alpha,omega-diol)",[C-]#[N+]CCCCCCCCC=CCCCCCCC,synthesise,CCCCCCCC=CCCCCCCCCN (primary amine),2,4,2,9,,,
L03,CCCCCCCCCCCCCCNC(=O)C(CCCOC(=O)CCC(C)CCCCC)NCCN1CCCCC1,593.98,NCCN1CCCCC1,purchase,75,CCCCCC(C)CCC(=O)OCCCC=O,synthesise,"CCCCCC(C)CCC(=O)O (carboxylic acid); OCCCCO (alpha,omega-diol)",[C-]#[N+]CCCCCCCCCCCCCC,synthesise,CCCCCCCCCCCCCCN (primary amine),2,4,1,2,,,
L04,CCCCCCCC=CC(=O)OCCCCCC(NCCN1CCOCC1)C(=O)NCCCCCCCCC=CCCCCCCCC,676.08,NCCN1CCOCC1,purchase,95,CCCCCCCC=CC(=O)OCCCCCC=O,synthesise,"CCCCCCCC=CC(=O)O (carboxylic acid); OCCCCCCO (alpha,omega-diol)",[C-]#[N+]CCCCCCCCC=CCCCCCCCC,synthesise,CCCCCCCCC=CCCCCCCCCN (primary amine),2,4,1,14,,,
L05,CCCCCCCCCCCCCCC(=O)OCCCCCC(NCCN1CCCCC1)C(=O)NCCCCCCCCCCCC,664.12,NCCN1CCCCC1,purchase,75,CCCCCCCCCCCCCCC(=O)OCCCCCC=O,synthesise,"CCCCCCCCCCCCCCC(=O)O (carboxylic acid); OCCCCCCO (alpha,omega-diol)",[C-]#[N+]CCCCCCCCCCCC,purchase,,1,2,1,5,,,
L06,CCCCCCCCCCCCCCCCCCNC(=O)C(CCCCCOC(=O)CCCCCCCCC)NCCCN1CCCCC1,692.17,NCCCN1CCCCC1,purchase,64,CCCCCCCCCC(=O)OCCCCCC=O,synthesise,"CCCCCCCCCC(=O)O (carboxylic acid); OCCCCCCO (alpha,omega-diol)",[C-]#[N+]CCCCCCCCCCCCCCCCCC,purchase,,1,2,3,1,,,
L07,C=CCCCCCCCCC(=O)OCCCCCC(NN1CCCCC1)C(=O)NCCCCCCCCC=CCCCCCCC,646.06,NN1CCCCC1,purchase,67,C=CCCCCCCCCC(=O)OCCCCCC=O,synthesise,"C=CCCCCCCCCC(=O)O (carboxylic acid); OCCCCCCO (alpha,omega-diol)",[C-]#[N+]CCCCCCCCC=CCCCCCCC,synthesise,CCCCCCCC=CCCCCCCCCN (primary amine),2,4,3,9,,,
L08,CCCCCCCCC=CCCCCCCCCNC(=O)C(CCCCCOC(=O)CCCCCCCC)NCCN(CCCC)CCCCC,720.23,CCCCCN(CCN)CCCC,purchase,1,CCCCCCCCC(=O)OCCCCCC=O,synthesise,"CCCCCCCCC(=O)O (carboxylic acid); OCCCCCCO (alpha,omega-diol)",[C-]#[N+]CCCCCCCCC=CCCCCCCCC,synthesise,CCCCCCCCC=CCCCCCCCCN (primary amine),2,4,2,14,,,
L09,CCCCCCCCC=CCCCCCCCCCC(=O)OCCCC(NCCCN(CC)CC)C(=O)NCCCCCCCCCCCC,706.20,CCN(CC)CCCN,purchase,46,CCCCCCCCC=CCCCCCCCCCC(=O)OCCCC=O,synthesise,"CCCCCCCCC=CCCCCCCCCCC(=O)O (carboxylic acid); OCCCCO (alpha,omega-diol)",[C-]#[N+]CCCCCCCCCCCC,purchase,,1,2,1,5,,,
L10,CCCCCCCCC=CCCCCCCCCNC(=O)C(CCCCCCCOC(=O)CCCC=CCCCCCCCC)NCCCN1CCCC1,758.27,NCCCN1CCCC1,purchase,75,CCCCCCCCC=CCCCC(=O)OCCCCCCCC=O,synthesise,"CCCCCCCCC=CCCCC(=O)O (carboxylic acid); OCCCCCCCCO (alpha,omega-diol)",[C-]#[N+]CCCCCCCCC=CCCCCCCCC,synthesise,CCCCCCCCC=CCCCCCCCCN (primary amine),2,4,1,14,,,
L11,CCCCCCCCC=CCCCCCCCCNC(=O)C(CCCCCOC(=O)CCCCCCCCCCCC)NCCN(C)C,678.14,CN(C)CCN,purchase,84,CCCCCCCCCCCCC(=O)OCCCCCC=O,synthesise,"CCCCCCCCCCCCC(=O)O (carboxylic acid); OCCCCCCO (alpha,omega-diol)",[C-]#[N+]CCCCCCCCC=CCCCCCCCC,synthesise,CCCCCCCCC=CCCCCCCCCN (primary amine),2,4,1,14,,,
L12,CCCCCCCCC=CCCCCCCCCNC(=O)C(CCCCCCCOC(=O)CCC(C)CCCCC)NCCN1CCCCC1,704.18,NCCN1CCCCC1,purchase,75,CCCCCC(C)CCC(=O)OCCCCCCCC=O,synthesise,"CCCCCC(C)CCC(=O)O (carboxylic acid); OCCCCCCCCO (alpha,omega-diol)",[C-]#[N+]CCCCCCCCC=CCCCCCCCC,synthesise,CCCCCCCCC=CCCCCCCCCN (primary amine),2,4,4,14,,,
L13,CCCCCCCCC=CC(=O)OCCCCCC(NN1CCCCC1)C(=O)NCCCCCCCCCCCC,577.94,NN1CCCCC1,purchase,67,CCCCCCCCC=CC(=O)OCCCCCC=O,synthesise,"CCCCCCCCC=CC(=O)O (carboxylic acid); OCCCCCCO (alpha,omega-diol)",[C-]#[N+]CCCCCCCCCCCC,purchase,,1,2,1,5,,,
L14,C=CCCCCCCCCC(=O)OCCCCCC(NCCCN1CCCCC1)C(=O)NCCCCCCCCC=CCCCCCCCC,702.17,NCCCN1CCCCC1,purchase,64,C=CCCCCCCCCC(=O)OCCCCCC=O,synthesise,"C=CCCCCCCCCC(=O)O (carboxylic acid); OCCCCCCO (alpha,omega-diol)",[C-]#[N+]CCCCCCCCC=CCCCCCCCC,synthesise,CCCCCCCCC=CCCCCCCCCN (primary amine),2,4,3,14,,,
L15,CCCCCCCCC=CCCCCCCCCNC(=O)C(CCCCCCCOC(=O)CCC(C)CCCCC)NCCCN(C)C,678.14,CN(C)CCCN,purchase,72,CCCCCC(C)CCC(=O)OCCCCCCCC=O,synthesise,"CCCCCC(C)CCC(=O)O (carboxylic acid); OCCCCCCCCO (alpha,omega-diol)",[C-]#[N+]CCCCCCCCC=CCCCCCCCC,synthesise,CCCCCCCCC=CCCCCCCCCN (primary amine),2,4,4,14,,,
L16,CCCCCCCC=CCCCCCCCCNC(=O)C(CCCCCCCOC(=O)C=CCCCCCCC)NCCN1CCCC1,674.11,NCCN1CCCC1,purchase,82,CCCCCCCC=CC(=O)OCCCCCCCC=O,synthesise,"CCCCCCCC=CC(=O)O (carboxylic acid); OCCCCCCCCO (alpha,omega-diol)",[C-]#[N+]CCCCCCCCC=CCCCCCCC,synthesise,CCCCCCCC=CCCCCCCCCN (primary amine),2,4,1,9,,,
L17,CCCCCCCCC=CCCCCCCCCNC(=O)C(CCCOC(=O)CCCCCCCCC)NCCCN1CCOCC1,664.07,NCCCN1CCOCC1,purchase,78,CCCCCCCCCC(=O)OCCCC=O,synthesise,"CCCCCCCCCC(=O)O (carboxylic acid); OCCCCO (alpha,omega-diol)",[C-]#[N+]CCCCCCCCC=CCCCCCCCC,synthesise,CCCCCCCCC=CCCCCCCCCN (primary amine),2,4,3,14,,,
L18,CCCCCCC=CCCCCCCCC(=O)OCCCCCCCC(NCCN(CC)CC)C(=O)NCCCCCCCCCCCC,692.17,CCN(CC)CCN,purchase,64,CCCCCCC=CCCCCCCCC(=O)OCCCCCCCC=O,synthesise,"CCCCCCC=CCCCCCCCC(=O)O (carboxylic acid); OCCCCCCCCO (alpha,omega-diol)",[C-]#[N+]CCCCCCCCCCCC,purchase,,1,2,1,5,,,
L19,CCCCCCCCC=CCCCCCCCCNC(=O)C(CCCOC(=O)CCCCCCCCC)NCCCN(CCCC)CCCC,706.20,CCCCN(CCCC)CCCN,purchase,62,CCCCCCCCCC(=O)OCCCC=O,synthesise,"CCCCCCCCCC(=O)O (carboxylic acid); OCCCCO (alpha,omega-diol)",[C-]#[N+]CCCCCCCCC=CCCCCCCCC,synthesise,CCCCCCCCC=CCCCCCCCCN (primary amine),2,4,3,14,,,
L20,CCCCCCCC=CCCCCCCCCNC(=O)C(CCCCCOC(=O)CCCCCCCCCCCCCCCCC)NCCN1CCCC1,760.29,NCCN1CCCC1,purchase,82,CCCCCCCCCCCCCCCCCC(=O)OCCCCCC=O,synthesise,"CCCCCCCCCCCCCCCCCC(=O)O (carboxylic acid); OCCCCCCO (alpha,omega-diol)",[C-]#[N+]CCCCCCCCC=CCCCCCCC,synthesise,CCCCCCCC=CCCCCCCCCN (primary amine),2,4,1,9,,,
L21,CCCCCCCCCCCCCCCCNC(=O)C(CCCCCCCOC(=O)CCC(C)CCCCC)NCCN1CCCC1,664.12,NCCN1CCCC1,purchase,82,CCCCCC(C)CCC(=O)OCCCCCCCC=O,synthesise,"CCCCCC(C)CCC(=O)O (carboxylic acid); OCCCCCCCCO (alpha,omega-diol)",[C-]#[N+]CCCCCCCCCCCCCCCC,purchase,,1,2,4,2,,,
L22,CCCCCCCCC=CCCCCCCCCNC(=O)C(CCCOC(=O)CCCCCCCCC)NCCCN(C)C,622.04,CN(C)CCCN,purchase,72,CCCCCCCCCC(=O)OCCCC=O,synthesise,"CCCCCCCCCC(=O)O (carboxylic acid); OCCCCO (alpha,omega-diol)",[C-]#[N+]CCCCCCCCC=CCCCCCCCC,synthesise,CCCCCCCCC=CCCCCCCCCN (primary amine),2,4,3,14,,,
L23,CCCCCCCCC=CCCCCCCCCNC(=O)C(CCCOC(=O)CCCCCC=CCCCCCCCCCC)NCCCN1CCCC1,758.27,NCCCN1CCCC1,purchase,75,CCCCCCCCCCC=CCCCCCC(=O)OCCCC=O,synthesise,"CCCCCCCCCCC=CCCCCCC(=O)O (carboxylic acid); OCCCCO (alpha,omega-diol)",[C-]#[N+]CCCCCCCCC=CCCCCCCCC,synthesise,CCCCCCCCC=CCCCCCCCCN (primary amine),2,4,1,14,,,
L24,CCCCCCCC=CCCCCCCCCNC(=O)C(CCCCCOC(=O)CCCCCCCCCC)NCCCN(CC)CC,678.14,CCN(CC)CCCN,purchase,46,CCCCCCCCCCC(=O)OCCCCCC=O,synthesise,"CCCCCCCCCCC(=O)O (carboxylic acid); OCCCCCCO (alpha,omega-diol)",[C-]#[N+]CCCCCCCCC=CCCCCCCC,synthesise,CCCCCCCC=CCCCCCCCCN (primary amine),2,4,2,9,,,
L25,CCCCCCCC=CCCCCCCCCNC(=O)C(CCCCCOC(=O)CCCCCCCCC)NN1CCCCC1,634.05,NN1CCCCC1,purchase,67,CCCCCCCCCC(=O)OCCCCCC=O,synthesise,"CCCCCCCCCC(=O)O (carboxylic acid); OCCCCCCO (alpha,omega-diol)",[C-]#[N+]CCCCCCCCC=CCCCCCCC,synthesise,CCCCCCCC=CCCCCCCCCN (primary amine),2,4,3,9,,,
L26,CCCCCCCC=CCCCCCCCCNC(=O)C(CCCOC(=O)CCCCCCCCCC)NCCN1CCCC1,634.05,NCCN1CCCC1,purchase,82,CCCCCCCCCCC(=O)OCCCC=O,synthesise,"CCCCCCCCCCC(=O)O (carboxylic acid); OCCCCO (alpha,omega-diol)",[C-]#[N+]CCCCCCCCC=CCCCCCCC,synthesise,CCCCCCCC=CCCCCCCCCN (primary amine),2,4,1,9,,,
L27,C=CCCCCCCCCC(=O)OCCCCCC(NCCCN(C)C)C(=O)NCCCCCCCCCCCCCCCCCCCC,692.17,CN(C)CCCN,purchase,72,C=CCCCCCCCCC(=O)OCCCCCC=O,synthesise,"C=CCCCCCCCCC(=O)O (carboxylic acid); OCCCCCCO (alpha,omega-diol)",[C-]#[N+]CCCCCCCCCCCCCCCCCCCC,synthesise,CCCCCCCCCCCCCCCCCCCCN (primary amine),2,4,3,1,,,
L28,C#CCCCCCCCCC(=O)OCCCCCC(NCCCN1CCCC1)C(=O)NCCCCCCCCC=CCCCCCCC,672.10,NCCCN1CCCC1,purchase,75,C#CCCCCCCCCC(=O)OCCCCCC=O,synthesise,"C#CCCCCCCCCC(=O)O (carboxylic acid); OCCCCCCO (alpha,omega-diol)",[C-]#[N+]CCCCCCCCC=CCCCCCCC,synthesise,CCCCCCCC=CCCCCCCCCN (primary amine),2,4,2,9,,,
L29,C#CCCCCCCCCCCC(=O)OCCCC(NCCCN(CCCC)CCCC)C(=O)NCCCCCCCCC=CCCCCCCCC,744.25,CCCCN(CCCC)CCCN,purchase,62,C#CCCCCCCCCCCC(=O)OCCCC=O,synthesise,"C#CCCCCCCCCCCC(=O)O (carboxylic acid); OCCCCO (alpha,omega-diol)",[C-]#[N+]CCCCCCCCC=CCCCCCCCC,synthesise,CCCCCCCCC=CCCCCCCCCN (primary amine),2,4,1,14,,,
L30,CCCCCCCCCCCCCCCCNC(=O)C(CCCCCOC(=O)CCCCCCCCC)NCCN1CCOCC1,652.06,NCCN1CCOCC1,purchase,95,CCCCCCCCCC(=O)OCCCCCC=O,synthesise,"CCCCCCCCCC(=O)O (carboxylic acid); OCCCCCCO (alpha,omega-diol)",[C-]#[N+]CCCCCCCCCCCCCCCC,purchase,,1,2,3,2,,,
L31,CCCCCCCCCCCCCCCCC(=O)OCCCC(NCCCN(CCCC)CCCC)C(=O)NCCCCCCCCCCCC,722.24,CCCCN(CCCC)CCCN,purchase,62,CCCCCCCCCCCCCCCCC(=O)OCCCC=O,synthesise,"CCCCCCCCCCCCCCCCC(=O)O (carboxylic acid); OCCCCO (alpha,omega-diol)",[C-]#[N+]CCCCCCCCCCCC,purchase,,1,2,1,5,,,
L32,CCCCCCCCC=CCCCCCCC(=O)OCCCC(NCCN(CC)CC)C(=O)NCCCCCCCCCCCCCC,678.14,CCN(CC)CCN,purchase,64,CCCCCCCCC=CCCCCCCC(=O)OCCCC=O,synthesise,"CCCCCCCCC=CCCCCCCC(=O)O (carboxylic acid); OCCCCO (alpha,omega-diol)",[C-]#[N+]CCCCCCCCCCCCCC,synthesise,CCCCCCCCCCCCCCN (primary amine),2,4,1,2,,,
L33,CCCCCCCCC=CCCCCCCCCNC(=O)C(CCCCCCCOC(=O)CCC(C)CCCCC)NCCCN1CCCC1,704.18,NCCCN1CCCC1,purchase,75,CCCCCC(C)CCC(=O)OCCCCCCCC=O,synthesise,"CCCCCC(C)CCC(=O)O (carboxylic acid); OCCCCCCCCO (alpha,omega-diol)",[C-]#[N+]CCCCCCCCC=CCCCCCCCC,synthesise,CCCCCCCCC=CCCCCCCCCN (primary amine),2,4,4,14,,,
L34,CCCCCCCCC=CCCCCCCCCNC(=O)C(CCCCCOC(=O)CCCCCCCC)NCCCN1CCCCC1,676.13,NCCCN1CCCCC1,purchase,64,CCCCCCCCC(=O)OCCCCCC=O,synthesise,"CCCCCCCCC(=O)O (carboxylic acid); OCCCCCCO (alpha,omega-diol)",[C-]#[N+]CCCCCCCCC=CCCCCCCCC,synthesise,CCCCCCCCC=CCCCCCCCCN (primary amine),2,4,2,14,,,
