review_rank,review_bucket,source_id,source_kind,pmid,doi,pmc_id,title,journal,pubdate,pubmed_url,full_text_url,acquisition_status,route_review_status,lnpdb_record_count,unique_lipid_count,experiment_count,il_name_count,unique_component_count,unique_head_count,unique_linker_count,unique_tail1_count,unique_tail2_count,experiment_ids_json,reported_pmids_json,publication_links_json,source_identity_qa_json,local_source_assets_json,priority_rank,next_review_rank,priority_score,priority_max_score,assessed_axis_count,review_completion_state,missing_priority_axes_json,motif_distinctiveness_score,motif_distinctiveness_state,curated_motif_count,curated_motif_class_count,biological_provenance_score,biological_provenance_state,numeric_measurement_count,in_vivo_measurement_count,assay_context_count,agile_exact_novelty_score,agile_exact_novelty_state,parsed_hydrophobic_component_count,exact_agile_hydrophobic_component_count,non_agile_hydrophobic_component_count,source_exclusive_non_agile_component_count,method_accessibility_score,method_accessibility_state,ugi_handle_conversion_score,ugi_handle_conversion_state,ugi_forward_verified_component_count,ugi_route_complete_component_count,exact_component_redundancy_score,exact_component_redundancy_state,shared_hydrophobic_component_count,shared_hydrophobic_component_fraction,priority_evidence_ids_json
9,pmc_first_pass,38424061,publication,38424061,10.1038/s41467-024-45422-9,PMC10904786,"High-throughput barcoding of nanoparticles identifies cationic, degradable lipid-like materials for mRNA delivery to the lungs in female preclinical models.",Nature communications,2024 Feb 29,https://pubmed.ncbi.nlm.nih.gov/38424061/,https://pmc.ncbi.nlm.nih.gov/articles/PMC10904786/,pmc_identifier_available,not_reviewed,851,180,1,176,28,12,0,16,0,"[""LX_2024""]","[""38424061""]","[""https://www.nature.com/articles/s41467-024-45422-9""]",[],[],1,,11,14,5,chemistry_review_complete,"[""motif_distinctiveness""]",0,not_assessed,0,0,2,lnpdb_numeric_in_vivo_measurements_present,851,671,8,2,high_exact_identity_novelty_vs_agile,15,0,15,15,3,chemistry_pages_visually_reviewed,2,transferred_component_forward_verified_route_incomplete,15,0,2,low_exact_component_redundancy,0,0.000000,"[""review:lx_2024_aldehyde_tail_transfer_review""]"
10,pmc_first_pass,38060560,publication,38060560,10.1073/pnas.2309472120,PMC10723144,Combinatorial design of ionizable lipid nanoparticles for muscle-selective mRNA delivery with minimized off-target effects.,Proceedings of the National Academy of Sciences of the United States of America,2023 Dec 12,https://pubmed.ncbi.nlm.nih.gov/38060560/,https://pmc.ncbi.nlm.nih.gov/articles/PMC10723144/,pmc_identifier_available,not_reviewed,288,288,1,288,25,16,0,6,3,"[""JC_2023""]","[""38060560""]","[""https://www.pnas.org/doi/10.1073/pnas.2309472120""]",[],[],2,,10,14,5,chemistry_review_complete,"[""motif_distinctiveness""]",0,not_assessed,0,0,1,lnpdb_numeric_in_vitro_measurements_only,288,0,1,1,partial_exact_identity_novelty_vs_agile,9,5,4,4,3,chemistry_pages_visually_reviewed,3,native_ugi_l1_with_reviewed_upstream_component_routes,0,0,2,low_exact_component_redundancy,2,0.222222,"[""review:jc_2023_ugi3_subcomponent_review""]"
19,pmc_first_pass,39497197,publication,39497197,10.1186/s12951-024-02919-1,PMC11536852,High-throughput synthesis and optimization of ionizable lipids through A(3) coupling for efficient mRNA delivery.,Journal of nanobiotechnology,2024 Nov 4,https://pubmed.ncbi.nlm.nih.gov/39497197/,https://pmc.ncbi.nlm.nih.gov/articles/PMC11536852/,pmc_identifier_available,not_reviewed,623,623,1,623,0,0,0,0,0,"[""JL_2024""]","[""39497197""]","[""https://jnanobiotechnology.biomedcentral.com/articles/10.1186/s12951-024-02919-1""]",[],[],3,1,9,14,6,pending_or_targeted_partial_review,[],2,curated_exactly_mapped_transfer_motifs,5,8,1,lnpdb_numeric_in_vitro_measurements_only,623,0,1,0,no_parsed_hydrophobic_component,0,0,0,0,3,targeted_source_reaction_visually_reviewed,3,transferred_component_forward_verified_and_route_complete,5,1,0,no_parsed_hydrophobic_component,0,0.000000,"[""motif:jl-2024-b12-dodecan-1-ol"", ""motif:jl-2024-b13-dec-9-en-1-ol"", ""motif:jl-2024-b14-undec-10-en-1-ol"", ""motif:jl-2024-b15-z-non-2-en-1-ol"", ""motif:jl-2024-b16-2-decyltetradecan-1-ol""]"
1,local_partial_followup,39060305,publication,39060305,10.1038/s41467-024-50619-z,PMC11282250,AGILE platform: a deep learning powered approach to accelerate LNP development for mRNA delivery.,Nature communications,2024 Jul 26,https://pubmed.ncbi.nlm.nih.gov/39060305/,https://pmc.ncbi.nlm.nih.gov/articles/PMC11282250/,local_source_available,partial_route_review,2400,1200,1,1200,36,20,0,11,5,"[""YX_2024""]","[""39060305""]","[""https://www.nature.com/articles/s41467-024-50619-z""]",[],"[""agile_supplementary_information.pdf""]",4,,9,14,5,chemistry_review_complete,"[""motif_distinctiveness""]",0,not_assessed,0,0,1,lnpdb_numeric_in_vitro_measurements_only,2400,0,2,1,partial_exact_identity_novelty_vs_agile,16,11,5,3,3,chemistry_pages_visually_reviewed,3,native_ugi_l1_with_reviewed_upstream_component_routes,0,0,1,moderate_exact_component_redundancy,8,0.500000,"[""review:agile_2024_ugi3_subcomponent_review""]"
3,pmc_first_pass,36997680,publication,36997680,10.1038/s41587-023-01679-x,PMC10544676,Combinatorial design of nanoparticles for pulmonary mRNA delivery and genome editing.,Nature biotechnology,2023 Oct,https://pubmed.ncbi.nlm.nih.gov/36997680/,https://pmc.ncbi.nlm.nih.gov/articles/PMC10544676/,pmc_identifier_available,not_reviewed,773,711,1,722,81,70,1,10,0,"[""BL_2023""]","[""36997680""]","[""https://www.nature.com/articles/s41587-023-01679-x""]",[],[],5,,9,14,4,chemistry_review_complete,"[""motif_distinctiveness"", ""ugi_handle_conversion""]",0,not_assessed,0,0,2,lnpdb_numeric_in_vivo_measurements_present,773,53,3,2,high_exact_identity_novelty_vs_agile,11,0,11,11,3,chemistry_pages_visually_reviewed,0,not_assessed,0,0,2,low_exact_component_redundancy,0,0.000000,"[""review:bl_2023_subcomponent_review""]"
20,pmc_first_pass,40060499,publication,40060499,10.1101/2025.02.25.640222,PMC11888472,Plug-and-play assembly of biodegradable ionizable lipids for potent mRNA delivery and gene editing in vivo.,bioRxiv : the preprint server for biology,2025 Mar 1,https://pubmed.ncbi.nlm.nih.gov/40060499/,https://pmc.ncbi.nlm.nih.gov/articles/PMC11888472/,pmc_identifier_available,not_reviewed,500,500,1,500,0,0,0,0,0,"[""XH_2025""]","[""40060499""]","[""https://www.biorxiv.org/content/10.1101/2025.02.25.640222v1""]",[],[],6,2,8,14,6,pending_or_targeted_partial_review,[],2,curated_exactly_mapped_transfer_motifs,6,10,1,lnpdb_numeric_in_vitro_measurements_only,500,0,1,0,no_parsed_hydrophobic_component,0,0,0,0,3,targeted_source_reaction_visually_reviewed,2,transferred_component_forward_verified_route_incomplete,2,0,0,no_parsed_hydrophobic_component,0,0.000000,"[""motif:xh-2025-d11-1-2-dodecanol"", ""motif:xh-2025-d11-10-11-heneicosanol"", ""motif:xh-2025-d12-8-2-octyldodecan-1-ol"", ""motif:xh-2025-d18-linoleyl-alcohol"", ""motif:xh-2025-d9-2-3-undecanol"", ""motif:xh-2025-d9-8-9-heptadecanol""]"
14,pmc_first_pass,39502027,publication,39502027,10.1002/adhm.202403366,PMC11912100,"Novel Less Toxic, Lymphoid Tissue-Targeted Lipid Nanoparticles Containing a Vitamin B5-Derived Ionizable Lipid for mRNA Vaccine Delivery.",Advanced healthcare materials,2025 Mar,https://pubmed.ncbi.nlm.nih.gov/39502027/,https://pmc.ncbi.nlm.nih.gov/articles/PMC11912100/,pmc_identifier_available,not_reviewed,36,19,1,18,16,6,2,5,3,"[""SY_2025""]","[""39502027""]","[""https://doi.org/10.1002/adhm.202403366""]",[],[],7,3,8,14,4,pending_or_targeted_partial_review,"[""motif_distinctiveness"", ""ugi_handle_conversion""]",0,not_assessed,0,0,2,lnpdb_numeric_in_vivo_measurements_present,36,36,1,2,high_exact_identity_novelty_vs_agile,9,0,9,7,2,hash_pinned_or_public_full_text_available_unreviewed,0,not_assessed,0,0,2,low_exact_component_redundancy,2,0.222222,[]
15,pmc_first_pass,38409275,publication,38409275,10.1038/s41467-024-45537-z,PMC10897129,In situ combinatorial synthesis of degradable branched lipidoids for systemic delivery of mRNA therapeutics and gene editors.,Nature communications,2024 Feb 26,https://pubmed.ncbi.nlm.nih.gov/38409275/,https://pmc.ncbi.nlm.nih.gov/articles/PMC10897129/,pmc_identifier_available,not_reviewed,60,30,1,30,11,1,5,5,0,"[""XH_2024""]","[""38409275""]","[""https://www.nature.com/articles/s41467-024-45537-z""]",[],[],8,4,8,14,4,pending_or_targeted_partial_review,"[""motif_distinctiveness"", ""ugi_handle_conversion""]",0,not_assessed,0,0,2,lnpdb_numeric_in_vivo_measurements_present,60,30,2,2,high_exact_identity_novelty_vs_agile,9,0,9,9,2,hash_pinned_or_public_full_text_available_unreviewed,0,not_assessed,0,0,2,low_exact_component_redundancy,0,0.000000,[]
4,pmc_first_pass,26729861,publication,26729861,10.1073/pnas.1520756113,PMC4725465,Modular degradable dendrimers enable small RNAs to extend survival in an aggressive liver cancer model.,Proceedings of the National Academy of Sciences of the United States of America,2016 Jan 19,https://pubmed.ncbi.nlm.nih.gov/26729861/,https://pmc.ncbi.nlm.nih.gov/articles/PMC4725465/,pmc_identifier_available,not_reviewed,1538,1470,1,1512,74,39,0,35,0,"[""KZ_2016""]","[""26729861""]","[""https://www.pnas.org/doi/10.1073/pnas.1520756113""]",[],[],9,5,7,14,4,pending_or_targeted_partial_review,"[""motif_distinctiveness"", ""ugi_handle_conversion""]",0,not_assessed,0,0,2,lnpdb_numeric_in_vivo_measurements_present,1538,26,2,2,high_exact_identity_novelty_vs_agile,35,0,35,26,2,hash_pinned_or_public_full_text_available_unreviewed,0,not_assessed,0,0,1,moderate_exact_component_redundancy,9,0.257143,[]
6,pmc_first_pass,20080679,publication,20080679,10.1073/pnas.0910603106,PMC2804742,"Lipid-like materials for low-dose, in vivo gene silencing.",Proceedings of the National Academy of Sciences of the United States of America,2010 Feb 2,https://pubmed.ncbi.nlm.nih.gov/20080679/,https://pmc.ncbi.nlm.nih.gov/articles/PMC2804742/,pmc_identifier_available,not_reviewed,378,378,1,378,41,14,0,27,0,"[""KL_2010""]","[""20080679""]","[""https://www.pnas.org/doi/full/10.1073/pnas.0910603106""]",[],[],10,6,7,14,4,pending_or_targeted_partial_review,"[""motif_distinctiveness"", ""ugi_handle_conversion""]",0,not_assessed,0,0,1,lnpdb_numeric_in_vitro_measurements_only,50,0,1,2,high_exact_identity_novelty_vs_agile,25,0,25,20,2,hash_pinned_or_public_full_text_available_unreviewed,0,not_assessed,0,0,2,low_exact_component_redundancy,5,0.200000,[]
12,pmc_first_pass,33305471,publication,33305471,10.1002/anie.202013927,PMC8100975,A Systematic Study of Unsaturation in Lipid Nanoparticles Leads to Improved mRNA Transfection In Vivo.,Angewandte Chemie (International ed. in English),2021 Mar 8,https://pubmed.ncbi.nlm.nih.gov/33305471/,https://pmc.ncbi.nlm.nih.gov/articles/PMC8100975/,pmc_identifier_available,not_reviewed,91,63,1,91,20,7,0,13,0,"[""SL_2020""]","[""33305471""]","[""https://onlinelibrary.wiley.com/doi/10.1002/anie.202013927""]",[],[],11,7,7,14,4,pending_or_targeted_partial_review,"[""motif_distinctiveness"", ""ugi_handle_conversion""]",0,not_assessed,0,0,1,lnpdb_numeric_in_vitro_measurements_only,91,0,1,2,high_exact_identity_novelty_vs_agile,12,0,12,10,2,hash_pinned_or_public_full_text_available_unreviewed,0,not_assessed,0,0,2,low_exact_component_redundancy,2,0.166667,[]
16,pmc_first_pass,38779592,publication,38779592,10.1016/j.bioactmat.2024.05.012,PMC11109743,A lipid nanoparticle platform incorporating trehalose glycolipid for exceptional mRNA vaccine safety.,Bioactive materials,2024 Aug,https://pubmed.ncbi.nlm.nih.gov/38779592/,https://pmc.ncbi.nlm.nih.gov/articles/PMC11109743/,pmc_identifier_available,not_reviewed,24,2,1,2,5,2,0,2,1,"[""SB_2024""]","[""29786478""]","[""https://doi.org/10.1016/j.bioactmat.2024.05.012""]","[""reported PMID 29786478 corrected to 38779592: The reported PMID resolves to an unrelated stroke consensus statement. The LNPDB row DOI resolves to PMID 38779592 in PubMed.""]",[],12,8,7,14,4,pending_or_targeted_partial_review,"[""motif_distinctiveness"", ""ugi_handle_conversion""]",0,not_assessed,0,0,2,lnpdb_numeric_in_vivo_measurements_present,24,24,1,2,high_exact_identity_novelty_vs_agile,3,0,3,1,2,hash_pinned_or_public_full_text_available_unreviewed,0,not_assessed,0,0,1,moderate_exact_component_redundancy,2,0.666667,[]
2,pmc_first_pass,24969323,publication,24969323,10.1038/ncomms5277,PMC4111939,Degradable lipid nanoparticles with predictable in vivo siRNA delivery activity.,Nature communications,2014 Jun 27,https://pubmed.ncbi.nlm.nih.gov/24969323/,https://pmc.ncbi.nlm.nih.gov/articles/PMC4111939/,pmc_identifier_available,not_reviewed,1273,1158,1,1183,208,203,0,5,0,"[""KW_2014""]","[""24969323""]","[""https://www.nature.com/articles/ncomms5277""]",[],[],13,9,6,14,4,pending_or_targeted_partial_review,"[""motif_distinctiveness"", ""ugi_handle_conversion""]",0,not_assessed,0,0,2,lnpdb_numeric_in_vivo_measurements_present,1273,91,2,2,high_exact_identity_novelty_vs_agile,5,0,5,0,2,hash_pinned_or_public_full_text_available_unreviewed,0,not_assessed,0,0,0,high_exact_component_redundancy,5,1.000000,[]
5,pmc_first_pass,18438401,publication,18438401,10.1038/nbt1402,PMC3014085,A combinatorial library of lipid-like materials for delivery of RNAi therapeutics.,Nature biotechnology,2008 May,https://pubmed.ncbi.nlm.nih.gov/18438401/,https://pmc.ncbi.nlm.nih.gov/articles/PMC3014085/,pmc_identifier_available,not_reviewed,497,487,1,497,58,47,0,11,0,"[""AA_2008""]","[""18438401""]","[""https://www.nature.com/articles/nbt1402""]",[],[],14,10,6,14,4,pending_or_targeted_partial_review,"[""motif_distinctiveness"", ""ugi_handle_conversion""]",0,not_assessed,0,0,1,lnpdb_numeric_in_vitro_measurements_only,497,0,1,2,high_exact_identity_novelty_vs_agile,11,0,11,6,2,hash_pinned_or_public_full_text_available_unreviewed,0,not_assessed,0,0,1,moderate_exact_component_redundancy,5,0.454545,[]
7,pmc_first_pass,38437545,publication,38437545,10.1073/pnas.2307810121,PMC10945816,"Lipid nanoparticle structure and delivery route during pregnancy dictate mRNA potency, immunogenicity, and maternal and fetal outcomes.",Proceedings of the National Academy of Sciences of the United States of America,2024 Mar 12,https://pubmed.ncbi.nlm.nih.gov/38437545/,https://pmc.ncbi.nlm.nih.gov/articles/PMC10945816/,pmc_identifier_available,not_reviewed,350,260,1,260,33,20,0,13,0,"[""NC_2024""]","[""38437545""]","[""https://www.pnas.org/doi/10.1073/pnas.2307810121""]",[],[],15,11,6,14,4,pending_or_targeted_partial_review,"[""motif_distinctiveness"", ""ugi_handle_conversion""]",0,not_assessed,0,0,1,lnpdb_numeric_in_vitro_measurements_only,350,0,2,2,high_exact_identity_novelty_vs_agile,13,0,13,8,2,hash_pinned_or_public_full_text_available_unreviewed,0,not_assessed,0,0,1,moderate_exact_component_redundancy,5,0.384615,[]
11,pmc_first_pass,38969646,publication,38969646,10.1038/s41467-024-50093-7,PMC11226454,Reformulating lipid nanoparticles for organ-targeted mRNA accumulation and translation.,Nature communications,2024 Jul 5,https://pubmed.ncbi.nlm.nih.gov/38969646/,https://pmc.ncbi.nlm.nih.gov/articles/PMC11226454/,pmc_identifier_available,not_reviewed,140,140,1,140,24,14,0,10,0,"[""KS_2024""]","[""38969646""]","[""https://www.nature.com/articles/s41467-024-50093-7""]",[],[],16,12,6,14,4,pending_or_targeted_partial_review,"[""motif_distinctiveness"", ""ugi_handle_conversion""]",0,not_assessed,0,0,1,lnpdb_numeric_in_vitro_measurements_only,140,0,1,2,high_exact_identity_novelty_vs_agile,10,0,10,3,2,hash_pinned_or_public_full_text_available_unreviewed,0,not_assessed,0,0,1,moderate_exact_component_redundancy,7,0.700000,[]
13,pmc_first_pass,27981708,publication,27981708,10.1002/anie.201610209,PMC5521011,Non-Viral CRISPR/Cas Gene Editing In Vitro and In Vivo Enabled by Synthetic Nanoparticle Co-Delivery of Cas9 mRNA and sgRNA.,Angewandte Chemie (International ed. in English),2017 Jan 19,https://pubmed.ncbi.nlm.nih.gov/27981708/,https://pmc.ncbi.nlm.nih.gov/articles/PMC5521011/,pmc_identifier_available,not_reviewed,72,72,1,72,18,6,0,12,0,"[""JM_2016""]","[""27981708""]","[""https://onlinelibrary.wiley.com/doi/10.1002/anie.201610209""]",[],[],17,13,6,14,4,pending_or_targeted_partial_review,"[""motif_distinctiveness"", ""ugi_handle_conversion""]",0,not_assessed,0,0,1,lnpdb_numeric_in_vitro_measurements_only,72,0,1,2,high_exact_identity_novelty_vs_agile,12,0,12,3,2,hash_pinned_or_public_full_text_available_unreviewed,0,not_assessed,0,0,1,moderate_exact_component_redundancy,9,0.750000,[]
28,publisher_or_author_acquisition,37661193,publication,37661193,10.1002/anie.202310401,,A Multidimensional Approach to Modulating Ionizable Lipids for High-Performing and Organ-Selective mRNA Delivery.,Angewandte Chemie (International ed. in English),2023 Oct 23,https://pubmed.ncbi.nlm.nih.gov/37661193/,,metadata_only,not_reviewed,325,161,1,162,52,16,9,8,19,"[""ZH_2023""]","[""37661193""]","[""https://onlinelibrary.wiley.com/doi/10.1002/anie.202310401""]",[],[],18,14,6,14,4,pending_or_targeted_partial_review,"[""motif_distinctiveness"", ""ugi_handle_conversion""]",0,not_assessed,0,0,2,lnpdb_numeric_in_vivo_measurements_present,325,325,2,2,high_exact_identity_novelty_vs_agile,36,4,32,31,0,source_methods_not_acquired_or_not_snapshotted,0,not_assessed,0,0,2,low_exact_component_redundancy,1,0.027778,[]
33,publisher_or_author_acquisition,37480759,publication,37480759,10.1016/j.biomaterials.2023.122243,,Understanding structure activity relationships of Good HEPES lipids for lipid nanoparticle mRNA vaccine applications.,Biomaterials,2023 Oct,https://pubmed.ncbi.nlm.nih.gov/37480759/,,metadata_only,not_reviewed,260,260,1,260,27,1,0,13,13,"[""RG_2023""]","[""37480759""]","[""https://doi.org/10.1016/j.biomaterials.2023.122243""]",[],[],19,15,6,14,4,pending_or_targeted_partial_review,"[""motif_distinctiveness"", ""ugi_handle_conversion""]",0,not_assessed,0,0,2,lnpdb_numeric_in_vivo_measurements_present,260,260,1,2,high_exact_identity_novelty_vs_agile,14,0,14,14,0,source_methods_not_acquired_or_not_snapshotted,0,not_assessed,0,0,2,low_exact_component_redundancy,0,0.000000,[]
30,publisher_or_author_acquisition,37127709,publication,37127709,10.1038/s41551-023-01030-4,,Peptide-encoding mRNA barcodes for the high-throughput in vivo screening of libraries of lipid nanoparticles for mRNA delivery.,Nature biomedical engineering,2023 Jul,https://pubmed.ncbi.nlm.nih.gov/37127709/,,metadata_only,not_reviewed,407,383,1,384,40,24,0,16,0,"[""LR_2023""]","[""37127709""]","[""https://www.nature.com/articles/s41551-023-01030-4""]",[],[],20,16,5,14,4,pending_or_targeted_partial_review,"[""motif_distinctiveness"", ""ugi_handle_conversion""]",0,not_assessed,0,0,2,lnpdb_numeric_in_vivo_measurements_present,407,407,1,2,high_exact_identity_novelty_vs_agile,16,0,16,10,0,source_methods_not_acquired_or_not_snapshotted,0,not_assessed,0,0,1,moderate_exact_component_redundancy,6,0.375000,[]
31,publisher_or_author_acquisition,39099464,publication,39099464,10.1039/d4tb00960f,,Enhancing spleen-targeted mRNA delivery with branched biodegradable tails in lipid nanoparticles.,Journal of materials chemistry. B,2024 Aug 22,https://pubmed.ncbi.nlm.nih.gov/39099464/,,metadata_only,not_reviewed,286,286,1,286,35,13,0,22,0,"[""YR_2024""]","[""39099464""]","[""https://pubs.rsc.org/en/Content/ArticleLanding/2024/TB/D4TB00960F""]",[],[],21,17,5,14,4,pending_or_targeted_partial_review,"[""motif_distinctiveness"", ""ugi_handle_conversion""]",0,not_assessed,0,0,1,lnpdb_numeric_in_vitro_measurements_only,286,0,1,2,high_exact_identity_novelty_vs_agile,19,0,19,19,0,source_methods_not_acquired_or_not_snapshotted,0,not_assessed,0,0,2,low_exact_component_redundancy,0,0.000000,[]
32,publisher_or_author_acquisition,31570898,publication,31570898,10.1038/s41587-019-0247-3,,Delivery of mRNA vaccines with heterocyclic lipids increases anti-tumor efficacy by STING-mediated immune cell activation.,Nature biotechnology,2019 Oct,https://pubmed.ncbi.nlm.nih.gov/31570898/,,metadata_only,not_reviewed,1128,1080,1,1080,31,12,10,9,0,"[""LM_2019""]","[""31570898""]","[""https://www.nature.com/articles/s41587-019-0247-3""]",[],[],22,18,5,14,4,pending_or_targeted_partial_review,"[""motif_distinctiveness"", ""ugi_handle_conversion""]",0,not_assessed,0,0,1,lnpdb_numeric_in_vitro_measurements_only,1128,0,3,2,high_exact_identity_novelty_vs_agile,19,0,19,15,0,source_methods_not_acquired_or_not_snapshotted,0,not_assessed,0,0,2,low_exact_component_redundancy,4,0.210526,[]
36,publisher_or_author_acquisition,37853662,publication,37853662,10.1021/jacs.3c09143,,Modular Design of Biodegradable Ionizable Lipids for Improved mRNA Delivery and Precise Cancer Metastasis Delineation In Vivo.,Journal of the American Chemical Society,2023 Nov 8,https://pubmed.ncbi.nlm.nih.gov/37853662/,,metadata_only,not_reviewed,131,101,1,101,23,12,3,8,0,"[""ZC_2023""]","[""37853662""]","[""https://pubs.acs.org/doi/full/10.1021/jacs.3c09143""]",[],[],23,19,5,14,4,pending_or_targeted_partial_review,"[""motif_distinctiveness"", ""ugi_handle_conversion""]",0,not_assessed,0,0,2,lnpdb_numeric_in_vivo_measurements_present,131,31,2,2,high_exact_identity_novelty_vs_agile,11,0,11,6,0,source_methods_not_acquired_or_not_snapshotted,0,not_assessed,0,0,1,moderate_exact_component_redundancy,5,0.454545,[]
23,pmc_first_pass,37985700,publication,37985700,10.1038/s41565-023-01548-3,PMC10954414,Combinatorial development of nebulized mRNA delivery formulations for the lungs.,Nature nanotechnology,2024 Mar,https://pubmed.ncbi.nlm.nih.gov/37985700/,https://pmc.ncbi.nlm.nih.gov/articles/PMC10954414/,pmc_identifier_available,not_reviewed,1902,248,1,234,0,0,0,0,0,"[""JW_2024""]","[""37985700""]","[""https://www.nature.com/articles/s41587-024-02490-y""]",[],[],24,20,4,14,4,pending_or_targeted_partial_review,"[""motif_distinctiveness"", ""ugi_handle_conversion""]",0,not_assessed,0,0,2,lnpdb_numeric_in_vivo_measurements_present,1902,72,3,0,no_parsed_hydrophobic_component,0,0,0,0,2,hash_pinned_or_public_full_text_available_unreviewed,0,not_assessed,0,0,0,no_parsed_hydrophobic_component,0,0.000000,[]
24,pmc_first_pass,40234552,publication,40234552,10.1038/s42004-025-01516-z,PMC12000586,Multicomponent thiolactone-based ionizable lipid screening platform for efficient and tunable mRNA delivery to the lungs.,Communications chemistry,2025 Apr 16,https://pubmed.ncbi.nlm.nih.gov/40234552/,https://pmc.ncbi.nlm.nih.gov/articles/PMC12000586/,pmc_identifier_available,not_reviewed,91,91,1,91,0,0,0,0,0,"[""AP_2025""]","[""40234552""]","[""https://www.nature.com/articles/s42004-025-01516-z""]",[],[],25,21,4,14,4,pending_or_targeted_partial_review,"[""motif_distinctiveness"", ""ugi_handle_conversion""]",0,not_assessed,0,0,2,lnpdb_numeric_in_vivo_measurements_present,91,91,1,0,no_parsed_hydrophobic_component,0,0,0,0,2,hash_pinned_or_public_full_text_available_unreviewed,0,not_assessed,0,0,0,no_parsed_hydrophobic_component,0,0.000000,[]
25,pmc_first_pass,29653760,publication,29653760,10.1016/j.ymthe.2018.03.010,PMC5986714,A Novel Amino Lipid Series for mRNA Delivery: Improved Endosomal Escape and Sustained Pharmacology and Safety in Non-human Primates.,Molecular therapy : the journal of the American Society of Gene Therapy,2018 Jun 6,https://pubmed.ncbi.nlm.nih.gov/29653760/,https://pmc.ncbi.nlm.nih.gov/articles/PMC5986714/,pmc_identifier_available,not_reviewed,10,10,1,10,0,0,0,0,0,"[""SS_2018""]","[""29653760""]","[""https://doi.org/10.1016/j.ymthe.2018.03.010""]",[],[],26,22,4,14,4,pending_or_targeted_partial_review,"[""motif_distinctiveness"", ""ugi_handle_conversion""]",0,not_assessed,0,0,2,lnpdb_numeric_in_vivo_measurements_present,10,10,1,0,no_parsed_hydrophobic_component,0,0,0,0,2,hash_pinned_or_public_full_text_available_unreviewed,0,not_assessed,0,0,0,no_parsed_hydrophobic_component,0,0.000000,[]
29,publisher_or_author_acquisition,38740955,publication,38740955,10.1038/s41563-024-01867-3,,Accelerating ionizable lipid discovery for mRNA delivery using machine learning and combinatorial chemistry.,Nature materials,2024 Jul,https://pubmed.ncbi.nlm.nih.gov/38740955/,,metadata_only,not_reviewed,611,560,1,560,41,25,4,8,4,"[""BL_2024""]","[""38740955""]","[""https://www.nature.com/articles/s41563-024-01867-3""]",[],[],27,23,4,14,4,pending_or_targeted_partial_review,"[""motif_distinctiveness"", ""ugi_handle_conversion""]",0,not_assessed,0,0,2,lnpdb_numeric_in_vivo_measurements_present,611,51,2,1,partial_exact_identity_novelty_vs_agile,15,4,11,4,0,source_methods_not_acquired_or_not_snapshotted,0,not_assessed,0,0,1,moderate_exact_component_redundancy,11,0.733333,[]
38,publisher_or_author_acquisition,37990414,publication,37990414,10.1002/adhm.202302691,,"Delivery of mRNA Vaccine with 1, 2-Diesters-Derived Lipids Elicits Fast Liver Clearance for Safe and Effective Cancer Immunotherapy.",Advanced healthcare materials,2024 Feb,https://pubmed.ncbi.nlm.nih.gov/37990414/,,metadata_only,not_reviewed,248,176,1,248,20,8,5,7,0,"[""YX_2023""]","[""37990414""]","[""https://onlinelibrary.wiley.com/doi/10.1002/adhm.202302691""]",[],[],28,24,4,14,4,pending_or_targeted_partial_review,"[""motif_distinctiveness"", ""ugi_handle_conversion""]",0,not_assessed,0,0,1,lnpdb_numeric_in_vitro_measurements_only,248,0,1,2,high_exact_identity_novelty_vs_agile,12,0,12,7,0,source_methods_not_acquired_or_not_snapshotted,0,not_assessed,0,0,1,moderate_exact_component_redundancy,5,0.416667,[]
8,pmc_first_pass,33542471,publication,33542471,10.1038/s41563-020-00886-0,PMC8188687,Membrane-destabilizing ionizable phospholipids for organ-selective mRNA delivery and CRISPR-Cas gene editing.,Nature materials,2021 May,https://pubmed.ncbi.nlm.nih.gov/33542471/,https://pmc.ncbi.nlm.nih.gov/articles/PMC8188687/,pmc_identifier_available,not_reviewed,572,572,1,572,28,28,0,0,0,"[""SL_2021""]","[""33542471""]","[""https://www.nature.com/articles/s41563-020-00886-0""]",[],[],29,25,3,14,4,pending_or_targeted_partial_review,"[""motif_distinctiveness"", ""ugi_handle_conversion""]",0,not_assessed,0,0,1,lnpdb_numeric_in_vitro_measurements_only,572,0,1,0,no_parsed_hydrophobic_component,0,0,0,0,2,hash_pinned_or_public_full_text_available_unreviewed,0,not_assessed,0,0,0,no_parsed_hydrophobic_component,0,0.000000,[]
17,pmc_first_pass,35879315,publication,35879315,10.1038/s41467-022-31993-y,PMC9310361,Multi-step screening of DNA/lipid nanoparticles and co-delivery with siRNA to enhance and prolong gene expression.,Nature communications,2022 Jul 25,https://pubmed.ncbi.nlm.nih.gov/35879315/,https://pmc.ncbi.nlm.nih.gov/articles/PMC9310361/,pmc_identifier_available,not_reviewed,1080,1,1,1,1,1,0,0,0,"[""YZ_2022""]","[""35879315""]","[""https://www.nature.com/articles/s41467-022-31993-y""]",[],[],30,26,3,14,4,pending_or_targeted_partial_review,"[""motif_distinctiveness"", ""ugi_handle_conversion""]",0,not_assessed,0,0,1,lnpdb_numeric_in_vitro_measurements_only,1080,0,1,0,no_parsed_hydrophobic_component,0,0,0,0,2,hash_pinned_or_public_full_text_available_unreviewed,0,not_assessed,0,0,0,no_parsed_hydrophobic_component,0,0.000000,[]
18,pmc_first_pass,38082180,publication,38082180,10.1038/s41551-023-01131-0,PMC11162325,Screening for lipid nanoparticles that modulate the immune activity of helper T cells towards enhanced antitumour activity.,Nature biomedical engineering,2024 May,https://pubmed.ncbi.nlm.nih.gov/38082180/,https://pmc.ncbi.nlm.nih.gov/articles/PMC11162325/,pmc_identifier_available,not_reviewed,1080,1,1,1,1,1,0,0,0,"[""YZ_2024""]","[""38082180""]","[""https://www.nature.com/articles/s41551-023-01131-0""]",[],[],31,27,3,14,4,pending_or_targeted_partial_review,"[""motif_distinctiveness"", ""ugi_handle_conversion""]",0,not_assessed,0,0,1,lnpdb_numeric_in_vitro_measurements_only,1080,0,1,0,no_parsed_hydrophobic_component,0,0,0,0,2,hash_pinned_or_public_full_text_available_unreviewed,0,not_assessed,0,0,0,no_parsed_hydrophobic_component,0,0.000000,[]
21,pmc_first_pass,39742515,publication,39742515,10.1021/jacs.4c10265,PMC12190489,Multiarm-Assisted Design of Dendron-like Degradable Ionizable Lipids Facilitates Systemic mRNA Delivery to the Spleen.,Journal of the American Chemical Society,2025 Jan 15,https://pubmed.ncbi.nlm.nih.gov/39742515/,https://pmc.ncbi.nlm.nih.gov/articles/PMC12190489/,pmc_identifier_available,not_reviewed,270,270,1,270,0,0,0,0,0,"[""LX_2024_2""]","[""39742515""]","[""https://pubs.acs.org/doi/10.1021/jacs.4c10265""]",[],[],32,28,3,14,4,pending_or_targeted_partial_review,"[""motif_distinctiveness"", ""ugi_handle_conversion""]",0,not_assessed,0,0,1,lnpdb_numeric_in_vitro_measurements_only,270,0,1,0,no_parsed_hydrophobic_component,0,0,0,0,2,hash_pinned_or_public_full_text_available_unreviewed,0,not_assessed,0,0,0,no_parsed_hydrophobic_component,0,0.000000,[]
22,pmc_first_pass,39354147,publication,39354147,10.1038/s41565-024-01747-6,PMC12207990,Combinatorial design of siloxane-incorporated lipid nanoparticles augments intracellular processing for tissue-specific mRNA therapeutic delivery.,Nature nanotechnology,2025 Jan,https://pubmed.ncbi.nlm.nih.gov/39354147/,https://pmc.ncbi.nlm.nih.gov/articles/PMC12207990/,pmc_identifier_available,not_reviewed,252,252,1,252,0,0,0,0,0,"[""LX_2024_3""]","[""39354147""]","[""https://www.nature.com/articles/s41565-024-01747-6""]",[],[],33,29,3,14,4,pending_or_targeted_partial_review,"[""motif_distinctiveness"", ""ugi_handle_conversion""]",0,not_assessed,0,0,1,lnpdb_numeric_in_vitro_measurements_only,252,0,1,0,no_parsed_hydrophobic_component,0,0,0,0,2,hash_pinned_or_public_full_text_available_unreviewed,0,not_assessed,0,0,0,no_parsed_hydrophobic_component,0,0.000000,[]
26,pmc_first_pass,32080183,publication,32080183,10.1038/s41467-020-14527-2,PMC7033178,Naturally-occurring cholesterol analogues in lipid nanoparticles induce polymorphic shape and enhance intracellular delivery of mRNA.,Nature communications,2020 Feb 20,https://pubmed.ncbi.nlm.nih.gov/32080183/,https://pmc.ncbi.nlm.nih.gov/articles/PMC7033178/,pmc_identifier_available,not_reviewed,30,1,1,1,0,0,0,0,0,"[""SP_2020""]","[""32080183""]","[""https://www.nature.com/articles/s41467-020-14527-2""]",[],[],34,30,3,14,4,pending_or_targeted_partial_review,"[""motif_distinctiveness"", ""ugi_handle_conversion""]",0,not_assessed,0,0,1,lnpdb_numeric_in_vitro_measurements_only,30,0,1,0,no_parsed_hydrophobic_component,0,0,0,0,2,hash_pinned_or_public_full_text_available_unreviewed,0,not_assessed,0,0,0,no_parsed_hydrophobic_component,0,0.000000,[]
34,publisher_or_author_acquisition,36269150,publication,36269150,10.1021/acsnano.2c07822,,Enzyme-Catalyzed One-Step Synthesis of Ionizable Cationic Lipids for Lipid Nanoparticle-Based mRNA COVID-19 Vaccines.,ACS nano,2022 Nov 22,https://pubmed.ncbi.nlm.nih.gov/36269150/,,metadata_only,not_reviewed,144,144,1,144,26,18,0,8,0,"[""ZL_2022""]","[""36269150""]","[""https://pubs.acs.org/doi/10.1021/acsnano.2c07822""]",[],[],35,31,3,14,4,pending_or_targeted_partial_review,"[""motif_distinctiveness"", ""ugi_handle_conversion""]",0,not_assessed,0,0,1,lnpdb_numeric_in_vitro_measurements_only,144,0,1,2,high_exact_identity_novelty_vs_agile,8,0,8,1,0,source_methods_not_acquired_or_not_snapshotted,0,not_assessed,0,0,0,high_exact_component_redundancy,7,0.875000,[]
35,publisher_or_author_acquisition,37591187,publication,37591187,10.1016/j.biomaterials.2023.122279,,Branched hydrophobic tails in lipid nanoparticles enhance mRNA delivery for cancer immunotherapy.,Biomaterials,2023 Oct,https://pubmed.ncbi.nlm.nih.gov/37591187/,,metadata_only,not_reviewed,119,119,1,119,24,17,0,7,0,"[""YY_2023""]","[""37591187""]","[""https://doi.org/10.1016/j.biomaterials.2023.122279""]",[],[],36,32,3,14,4,pending_or_targeted_partial_review,"[""motif_distinctiveness"", ""ugi_handle_conversion""]",0,not_assessed,0,0,1,lnpdb_numeric_in_vitro_measurements_only,119,0,1,2,high_exact_identity_novelty_vs_agile,7,0,7,0,0,source_methods_not_acquired_or_not_snapshotted,0,not_assessed,0,0,0,high_exact_component_redundancy,7,1.000000,[]
37,publisher_or_author_acquisition,22902058,publication,22902058,10.1016/j.biomaterials.2012.07.044,,A biomimetic lipid library for gene delivery through thiol-yne click chemistry.,Biomaterials,2012 Nov,https://pubmed.ncbi.nlm.nih.gov/22902058/,,metadata_only,not_reviewed,112,112,1,112,22,14,0,8,0,"[""LL_2012""]","[""22902058""]","[""https://www.sciencedirect.com/science/article/pii/S0142961212008393""]",[],[],37,33,3,14,4,pending_or_targeted_partial_review,"[""motif_distinctiveness"", ""ugi_handle_conversion""]",0,not_assessed,0,0,1,lnpdb_numeric_in_vitro_measurements_only,112,0,1,2,high_exact_identity_novelty_vs_agile,8,0,8,1,0,source_methods_not_acquired_or_not_snapshotted,0,not_assessed,0,0,0,high_exact_component_redundancy,7,0.875000,[]
40,publisher_or_author_acquisition,39578640,publication,39578640,10.1038/s41551-024-01267-7,,Optimization of the activity and biodegradability of ionizable lipids for mRNA delivery via directed chemical evolution.,Nature biomedical engineering,2024 Nov,https://pubmed.ncbi.nlm.nih.gov/39578640/,,metadata_only,not_reviewed,151,151,1,151,0,0,0,0,0,"[""XH_2024_2""]","[""39578640""]","[""https://www.nature.com/articles/s41551-024-01267-7""]",[],[],38,34,2,14,4,pending_or_targeted_partial_review,"[""motif_distinctiveness"", ""ugi_handle_conversion""]",0,not_assessed,0,0,2,lnpdb_numeric_in_vivo_measurements_present,151,61,2,0,no_parsed_hydrophobic_component,0,0,0,0,0,source_methods_not_acquired_or_not_snapshotted,0,not_assessed,0,0,0,no_parsed_hydrophobic_component,0,0.000000,[]
41,publisher_or_author_acquisition,40796944,publication,40796944,10.1038/s41551-025-01480-y,,In vivo genome editing of human haematopoietic stem cells for treatment of blood disorders using mRNA delivery.,Nature biomedical engineering,2026 Mar,https://pubmed.ncbi.nlm.nih.gov/40796944/,,metadata_only,not_reviewed,141,130,1,141,0,0,0,0,0,"[""SX_2025""]","[""40796944""]","[""https://www.nature.com/articles/s41551-025-01480-y""]",[],[],39,35,2,14,4,pending_or_targeted_partial_review,"[""motif_distinctiveness"", ""ugi_handle_conversion""]",0,not_assessed,0,0,2,lnpdb_numeric_in_vivo_measurements_present,141,141,1,0,no_parsed_hydrophobic_component,0,0,0,0,0,source_methods_not_acquired_or_not_snapshotted,0,not_assessed,0,0,0,no_parsed_hydrophobic_component,0,0.000000,[]
43,publisher_or_author_acquisition,40131321,publication,40131321,10.1039/d5nr00433k,,"PEGylated lipid screening, composition optimization, and structure-activity relationship determination for lipid nanoparticle-mediated mRNA delivery.",Nanoscale,2025 May 9,https://pubmed.ncbi.nlm.nih.gov/40131321/,,metadata_only,not_reviewed,8,1,1,1,0,0,0,0,0,"[""LL_2025""]","[""40131321""]","[""https://doi.org/10.1039/D5NR00433K""]",[],[],40,36,2,14,4,pending_or_targeted_partial_review,"[""motif_distinctiveness"", ""ugi_handle_conversion""]",0,not_assessed,0,0,2,lnpdb_numeric_in_vivo_measurements_present,8,8,1,0,no_parsed_hydrophobic_component,0,0,0,0,0,source_methods_not_acquired_or_not_snapshotted,0,not_assessed,0,0,0,no_parsed_hydrophobic_component,0,0.000000,[]
39,publisher_or_author_acquisition,39424104,publication,39424104,10.1016/j.jconrel.2024.10.028,,Paracyclophane-based ionizable lipids for efficient mRNA delivery in vivo.,Journal of controlled release : official journal of the Controlled Release Society,2024 Dec,https://pubmed.ncbi.nlm.nih.gov/39424104/,,metadata_only,not_reviewed,180,180,1,180,0,0,0,0,0,"[""SW_2024""]","[""39424104""]","[""https://www.sciencedirect.com/science/article/abs/pii/S0168365924007016""]",[],[],41,37,1,14,4,pending_or_targeted_partial_review,"[""motif_distinctiveness"", ""ugi_handle_conversion""]",0,not_assessed,0,0,1,lnpdb_numeric_in_vitro_measurements_only,180,0,1,0,no_parsed_hydrophobic_component,0,0,0,0,0,source_methods_not_acquired_or_not_snapshotted,0,not_assessed,0,0,0,no_parsed_hydrophobic_component,0,0.000000,[]
42,publisher_or_author_acquisition,39875076,publication,39875076,10.1016/j.jconrel.2025.01.071,,Role of PEGylated lipid in lipid nanoparticle formulation for in vitro and in vivo delivery of mRNA vaccines.,Journal of controlled release : official journal of the Controlled Release Society,2025 Apr 10,https://pubmed.ncbi.nlm.nih.gov/39875076/,,metadata_only,not_reviewed,96,1,1,1,0,0,0,0,0,"[""LZ_2025""]","[""39875076""]","[""https://doi.org/10.1016/j.jconrel.2025.01.071""]",[],[],42,38,1,14,4,pending_or_targeted_partial_review,"[""motif_distinctiveness"", ""ugi_handle_conversion""]",0,not_assessed,0,0,1,lnpdb_numeric_in_vitro_measurements_only,96,0,2,0,no_parsed_hydrophobic_component,0,0,0,0,0,source_methods_not_acquired_or_not_snapshotted,0,not_assessed,0,0,0,no_parsed_hydrophobic_component,0,0.000000,[]
27,commercial_procurement_review,commercial:broadpharm_2024,commercial_catalog,,,,BroadPharm ionizable lipid catalog,,,https://broadpharm.com/product-categories/lipid/ionizable-lipid,https://broadpharm.com/product-categories/lipid/ionizable-lipid,live_source_requires_snapshot,not_reviewed,269,267,1,269,0,0,0,0,0,"[""BroadPharm_2024""]","[""NA""]","[""https://broadpharm.com/product-categories/lipid/ionizable-lipid""]",[],[],43,39,0,14,4,pending_or_targeted_partial_review,"[""motif_distinctiveness"", ""ugi_handle_conversion""]",0,not_assessed,0,0,0,no_numeric_lnpdb_measurement,0,0,0,0,no_parsed_hydrophobic_component,0,0,0,0,0,source_methods_not_acquired_or_not_snapshotted,0,not_assessed,0,0,0,no_parsed_hydrophobic_component,0,0.000000,[]
